gilded,Positive,Negative
0,22.12976022566996,94.3441466854725
1,50.0,100.0
