state,Positive,Negative
Utah,0.0,100.0
Hawaii,0.0,100.0
Minnesota,20.0,93.33333333333333
Ohio,18.75,100.0
Arkansas,0.0,100.0
Oregon,25.0,90.0
Texas,24.074074074074073,90.74074074074075
North Dakota,0.0,100.0
Pennsylvania,8.823529411764707,97.05882352941177
Nebraska,0.0,100.0
Vermont,0.0,100.0
Nevada,0.0,100.0
Washington,17.391304347826086,97.82608695652173
Illinois,19.047619047619047,95.23809523809524
Oklahoma,16.666666666666668,83.33333333333333
Alaska,0.0,100.0
New Mexico,0.0,100.0
West Virginia,0.0,100.0
Missouri,9.090909090909092,100.0
Georgia,26.666666666666668,93.33333333333333
Montana,33.333333333333336,100.0
Michigan,14.285714285714286,100.0
Virginia,26.08695652173913,100.0
North Carolina,24.0,100.0
Wyoming,0.0,100.0
Kansas,41.666666666666664,66.66666666666667
New Jersey,18.75,87.5
Maryland,28.125,96.875
Alabama,33.333333333333336,100.0
Arizona,15.384615384615385,84.61538461538461
Iowa,16.666666666666668,100.0
Massachusetts,21.428571428571427,89.28571428571429
Kentucky,18.181818181818183,90.9090909090909
Louisiana,50.0,100.0
Mississippi,0.0,100.0
New Hampshire,0.0,100.0
Tennessee,25.0,95.83333333333333
Florida,8.0,96.0
Indiana,20.0,90.0
Idaho,0.0,100.0
South Carolina,16.666666666666668,91.66666666666667
California,17.322834645669293,95.2755905511811
New York,21.568627450980394,94.11764705882354
Wisconsin,30.0,85.0
Colorado,22.857142857142858,97.14285714285714
Maine,40.0,100.0
