state,pos,neg
Utah,25.0,100.0
Hawaii,0.0,100.0
Minnesota,33.333333333333336,93.33333333333333
Ohio,37.5,93.75
Arkansas,0.0,100.0
Oregon,40.0,90.0
Texas,40.74074074074074,94.44444444444444
North Dakota,0.0,100.0
Pennsylvania,32.35294117647059,97.05882352941177
Nebraska,100.0,100.0
Vermont,10.0,100.0
Nevada,33.333333333333336,100.0
Washington,34.78260869565217,100.0
Illinois,42.857142857142854,95.23809523809524
Oklahoma,33.333333333333336,100.0
Alaska,50.0,100.0
New Mexico,100.0,100.0
West Virginia,50.0,100.0
Missouri,27.272727272727273,100.0
Georgia,66.66666666666667,100.0
Montana,33.333333333333336,100.0
Michigan,35.714285714285715,100.0
Virginia,34.78260869565217,100.0
North Carolina,44.0,100.0
Wyoming,25.0,100.0
Kansas,8.333333333333334,91.66666666666667
New Jersey,18.75,87.5
Maryland,37.5,90.625
Alabama,33.333333333333336,100.0
Arizona,38.46153846153846,92.3076923076923
Iowa,33.333333333333336,100.0
Massachusetts,35.714285714285715,92.85714285714286
Kentucky,63.63636363636363,100.0
Louisiana,50.0,100.0
Mississippi,33.333333333333336,100.0
New Hampshire,100.0,100.0
Tennessee,45.833333333333336,95.83333333333333
Florida,32.0,100.0
Indiana,60.0,90.0
Idaho,0.0,100.0
South Carolina,25.0,100.0
California,41.732283464566926,100.0
New York,35.294117647058826,92.15686274509804
Wisconsin,40.0,95.0
Colorado,34.285714285714285,94.28571428571429
Maine,40.0,100.0
